1f, 00000001, fffffffe,                 1172,                  172
1f, 00000000, 00000000,                 1337,                  165
01, edeacadb, 12153524,                 1508,                  171
01, 00000000, 00000000,                 1672,                  164
03, 7b7b29f6, 8484d609,                 1842,                  170
03, 00000000, 00000000,                 2007,                  165
0d, f94684f2, 06b97b0d,                 2177,                  170
0d, 00000000, 00000000,                 2341,                  164
12, 4d3d7b9a, b2c28465,                 2512,                  171
12, 00000000, 00000000,                 2677,                  165
0d, ff0c1cfe, 00f3e301,                 2848,                  171
0d, 00000000, 00000000,                 3013,                  165
1d, c4dc0e89, 3b23f176,                 3184,                  171
1d, 00000000, 00000000,                 3349,                  165
0c, 892ba812, 76d457ed,                 3519,                  170
0c, 00000000, 00000000,                 3684,                  165
15, 00000001, fffffffe,                 3854,                  170
15, 00000000, 00000000,                 4019,                  165
08, 00000001, fffffffe,                 4189,                  170
08, 00000000, 00000000,                 4354,                  165
10, 00000001, fffffffe,                 4524,                  170
10, 00000000, 00000000,                 4689,                  165
11, 00000001, fffffffe,                 4858,                  169
11, 00000000, 00000000,                 5023,                  165
1a, 00000001, fffffffe,                 5192,                  169
1a, 00000000, 00000000,                 5357,                  165
02, 00000001, fffffffe,                 5527,                  170
02, 00000000, 00000000,                 5692,                  165
1a, 00000001, fffffffe,                 5862,                  170
1a, 00000000, 00000000,                 6027,                  165
15, 00000001, fffffffe,                 6196,                  169
15, 00000000, 00000000,                 6361,                  165
1f, 00000001, fffffffe,                 6530,                  169
1f, 00000000, 00000000,                 6695,                  165
1d, aa87ba55, 557845aa,                 6865,                  170
1d, 00000000, 00000000,                 7029,                  164
0c, 892ba812, 76d457ed,                 7199,                  170
0c, 00000000, 00000000,                 7363,                  164
13, 7943c7f2, 86bc380d,                 7534,                  171
13, 00000000, 00000000,                 7699,                  165
15, ca602294, 359fdd6b,                 7869,                  170
15, 00000000, 00000000,                 8034,                  165
0e, 7ee8b5fd, 81174a02,                 8205,                  171
0e, 00000000, 00000000,                 8370,                  165
0f, f10016e2, 0effe91d,                 8540,                  170
0f, 00000000, 00000000,                 8705,                  165
0a, ee7bb6dc, 11844923,                 8875,                  170
0a, 00000000, 00000000,                 9039,                  164
1c, 1a8cf535, e5730aca,                 9210,                  171
1c, 00000000, 00000000,                 9374,                  164
07, 00000001, fffffffe,                 9544,                  170
07, 00000000, 00000000,                 9709,                  165
16, 00000001, fffffffe,                 9879,                  170
16, 00000000, 00000000,                10044,                  165
09, c3df0c87, 3c20f378,                10215,                  171
09, 00000000, 00000000,                10380,                  165
11, 00000001, fffffffe,                10550,                  170
11, 00000000, 00000000,                10715,                  165
15, ca602294, 359fdd6b,                10885,                  170
15, 00000000, 00000000,                11049,                  164
0e, 9cb40639, 634bf9c6,                11219,                  170
0e, 00000000, 00000000,                11384,                  165
10, 00000001, fffffffe,                11554,                  170
10, 00000000, 00000000,                11719,                  165
05, 6954a7d2, 96ab582d,                11890,                  171
05, 00000000, 00000000,                12055,                  165
0a, 218afd43, de7502bc,                12225,                  170
0a, 00000000, 00000000,                12390,                  165
19, 8726640e, 78d99bf1,                12561,                  171
19, 00000000, 00000000,                12726,                  165
0c, cedcf89d, 31230762,                12897,                  171
0c, 00000000, 00000000,                13061,                  164
0f, b05eaa60, 4fa1559f,                13231,                  170
0f, 00000000, 00000000,                13396,                  165
17, 83925607, 7c6da9f8,                13567,                  171
17, 00000000, 00000000,                13732,                  165
1c, 303ba960, cfc4569f,                13902,                  170
1c, 00000000, 00000000,                14066,                  164
09, 52343fa4, adcbc05b,                14236,                  170
09, 00000000, 00000000,                14400,                  164
10, 5b51cdb6, a4ae3249,                14571,                  171
10, 00000000, 00000000,                14735,                  164
11, 14013f28, ebfec0d7,                14905,                  170
11, 00000000, 00000000,                15070,                  165
17, 83925607, 7c6da9f8,                15240,                  170
17, 00000000, 00000000,                15405,                  165
02, 00000001, fffffffe,                15575,                  170
02, 00000000, 00000000,                15740,                  165
01, edeacadb, 12153524,                15910,                  170
01, 00000000, 00000000,                16074,                  164
06, 83021606, 7cfde9f9,                16244,                  170
06, 00000000, 00000000,                16409,                  165
0c, b4ded069, 4b212f96,                16579,                  170
0c, 00000000, 00000000,                16743,                  164
07, 00000001, fffffffe,                16912,                  169
07, 00000000, 00000000,                17077,                  165
16, 8a3af214, 75c50deb,                17248,                  171
16, 00000000, 00000000,                17413,                  165
15, 40dccd81, bf23327e,                17583,                  170
15, 00000000, 00000000,                17747,                  164
06, d3ea9ca7, 2c156358,                17918,                  171
06, 00000000, 00000000,                18083,                  165
1c, 38e5f371, c71a0c8e,                18254,                  171
1c, 00000000, 00000000,                18418,                  164
06, 82ca6605, 7d3599fa,                18588,                  170
06, 00000000, 00000000,                18753,                  165
03, c669e88c, 39961773,                18923,                  170
03, 00000000, 00000000,                19088,                  165
13, 686657d0, 9799a82f,                19259,                  171
13, 00000000, 00000000,                19424,                  165
04, 5027a9a0, afd8565f,                19594,                  170
04, 00000000, 00000000,                19758,                  164
0b, 84070208, 7bf8fdf7,                19928,                  170
0b, 00000000, 00000000,                20093,                  165
1a, 0cf6e519, f3091ae6,                20264,                  171
1a, 00000000, 00000000,                20429,                  165
1a, 0cf6e519, f3091ae6,                20599,                  170
1a, 00000000, 00000000,                20764,                  165
00, 3fc4dd7f, c03b2280,                20935,                  171
00, 00000000, 00000000,                21099,                  164
1b, 00000001, fffffffe,                21269,                  170
1b, 00000000, 00000000,                21434,                  165
15, 40dccd81, bf23327e,                21604,                  170
15, 00000000, 00000000,                21768,                  164
11, 14013f28, ebfec0d7,                21938,                  170
11, 00000000, 00000000,                22103,                  165
05, 12ac9325, ed536cda,                22273,                  170
05, 00000000, 00000000,                22438,                  165
1c, 38e5f371, c71a0c8e,                22609,                  171
1c, 00000000, 00000000,                22773,                  164
11, 14013f28, ebfec0d7,                22943,                  170
11, 00000000, 00000000,                23108,                  165
15, 40dccd81, bf23327e,                23278,                  170
15, 00000000, 00000000,                23443,                  165
07, 00000001, fffffffe,                23613,                  170
07, 00000000, 00000000,                23778,                  165
18, c32e7886, 3cd18779,                23949,                  171
18, 00000000, 00000000,                24113,                  164
13, b58b406b, 4a74bf94,                24283,                  170
13, 00000000, 00000000,                24448,                  165
19, 7dc0d3fb, 823f2c04,                24618,                  170
19, 00000000, 00000000,                24782,                  164
12, 4d3d7b9a, b2c28465,                24952,                  170
12, 00000000, 00000000,                25117,                  165
0d, 934f4826, 6cb0b7d9,                25287,                  170
0d, 00000000, 00000000,                25452,                  165
0a, 44ba1d89, bb45e276,                25622,                  170
0a, 00000000, 00000000,                25787,                  165
15, a4e8d249, 5b172db6,                25958,                  171
15, 00000000, 00000000,                26122,                  164
16, 8a3af214, 75c50deb,                26292,                  170
16, 00000000, 00000000,                26457,                  165
17, 83925607, 7c6da9f8,                26627,                  170
17, 00000000, 00000000,                26792,                  165
12, 4d3d7b9a, b2c28465,                26962,                  170
12, 00000000, 00000000,                27127,                  165
11, 14013f28, ebfec0d7,                27297,                  170
11, 00000000, 00000000,                27462,                  165
03, 01208d02, fedf72fd,                27632,                  170
03, 00000000, 00000000,                27797,                  165
16, 8a3af214, 75c50deb,                27968,                  171
16, 00000000, 00000000,                28133,                  165
19, 7dc0d3fb, 823f2c04,                28303,                  170
19, 00000000, 00000000,                28467,                  164
02, 00000001, fffffffe,                28637,                  170
02, 00000000, 00000000,                28802,                  165
10, ccb15899, 334ea766,                28973,                  171
10, 00000000, 00000000,                29137,                  164
05, 12ac9325, ed536cda,                29307,                  170
05, 00000000, 00000000,                29472,                  165
05, 12ac9325, ed536cda,                29642,                  170
05, 00000000, 00000000,                29807,                  165
1a, 9571fa2a, 6a8e05d5,                29978,                  171
1a, 00000000, 00000000,                30143,                  165
17, 230fff46, dcf000b9,                30313,                  170
17, 00000000, 00000000,                30478,                  165
00, b4d8c869, 4b273796,                30649,                  171
00, 00000000, 00000000,                30813,                  164
16, ecda60d9, 13259f26,                30984,                  171
16, 00000000, 00000000,                31149,                  165
07, 00000001, fffffffe,                31319,                  170
07, 00000000, 00000000,                31484,                  165
04, 5cf8e5b9, a3071a46,                31654,                  170
04, 00000000, 00000000,                31818,                  164
06, 71c86fe3, 8e37901c,                31988,                  170
06, 00000000, 00000000,                32153,                  165
1e, f6f324ed, 090cdb12,                32324,                  171
1e, 00000000, 00000000,                32489,                  165
1e, f6f324ed, 090cdb12,                32660,                  171
1e, 00000000, 00000000,                32825,                  165
0f, b05eaa60, 4fa1559f,                32995,                  170
0f, 00000000, 00000000,                33160,                  165
0a, 44ba1d89, bb45e276,                33330,                  170
0a, 00000000, 00000000,                33495,                  165
1e, f6f324ed, 090cdb12,                33666,                  171
1e, 00000000, 00000000,                33830,                  164
07, 00000001, fffffffe,                34000,                  170
07, 00000000, 00000000,                34165,                  165
13, da4d84b4, 25b27b4b,                34336,                  171
13, 00000000, 00000000,                34501,                  165
0a, 09dd1913, f622e6ec,                34671,                  170
0a, 00000000, 00000000,                34836,                  165
08, d8a72eb1, 2758d14e,                35006,                  170
08, 00000000, 00000000,                35170,                  164
01, ab610256, 549efda9,                35340,                  170
01, 00000000, 00000000,                35505,                  165
06, f8f446f1, 070bb90e,                35675,                  170
06, 00000000, 00000000,                35839,                  164
0a, 30293f60, cfd6c09f,                36009,                  170
0a, 00000000, 00000000,                36174,                  165
0d, eaa5e2d5, 155a1d2a,                36344,                  170
0d, 00000000, 00000000,                36508,                  164
18, b08a0061, 4f75ff9e,                36679,                  171
18, 00000000, 00000000,                36843,                  164
0c, b4ded069, 4b212f96,                37014,                  171
0c, 00000000, 00000000,                37178,                  164
18, b08a0061, 4f75ff9e,                37349,                  171
18, 00000000, 00000000,                37513,                  164
05, 12ac9325, ed536cda,                37683,                  170
05, 00000000, 00000000,                37848,                  165
06, f8f446f1, 070bb90e,                38018,                  170
06, 00000000, 00000000,                38183,                  165
0b, 84070208, 7bf8fdf7,                38353,                  170
0b, 00000000, 00000000,                38518,                  165
19, 9de9543b, 6216abc4,                38689,                  171
19, 00000000, 00000000,                38853,                  164
0d, eaa5e2d5, 155a1d2a,                39024,                  171
0d, 00000000, 00000000,                39188,                  164
02, 00000001, fffffffe,                39357,                  169
02, 00000000, 00000000,                39522,                  165
1b, c0a56481, 3f5a9b7e,                39693,                  171
1b, 00000000, 00000000,                39858,                  165
09, 9abc3035, 6543cfca,                40028,                  170
09, 00000000, 00000000,                40192,                  164
0e, 2f6a575e, d095a8a1,                40362,                  170
0e, 00000000, 00000000,                40526,                  164
0b, 02749504, fd8b6afb,                40696,                  170
0b, 00000000, 00000000,                40861,                  165
09, 087d6f10, f78290ef,                41031,                  170
09, 00000000, 00000000,                41195,                  164
15, e49f1ac9, 1b60e536,                41366,                  171
15, 00000000, 00000000,                41531,                  165
0b, 3817a970, c7e8568f,                41701,                  170
0b, 00000000, 00000000,                41866,                  165
0e, bb9a1877, 4465e788,                42036,                  170
0e, 00000000, 00000000,                42201,                  165
12, b20c7e64, 4df3819b,                42372,                  171
12, 00000000, 00000000,                42537,                  165
1d, e6badecd, 19452132,                42707,                  170
1d, 00000000, 00000000,                42871,                  164
12, b20c7e64, 4df3819b,                43041,                  170
12, 00000000, 00000000,                43206,                  165
07, ca5f3694, 35a0c96b,                43377,                  171
07, 00000000, 00000000,                43542,                  165
19, 9de9543b, 6216abc4,                43713,                  171
19, 00000000, 00000000,                43877,                  164
04, bdb0327b, 424fcd84,                44048,                  171
04, 00000000, 00000000,                44212,                  164
0c, b4ded069, 4b212f96,                44382,                  170
0c, 00000000, 00000000,                44546,                  164
04, bfb9377f, f36fffe6,                44716,                  170
04, 00000000, 00000000,                44883,                  167
1b, 54e69da9, ab196256,                45054,                  171
1b, 00000000, 00000000,                45219,                  165
07, ca5f3694, 35a0c96b,                45390,                  171
07, 00000000, 00000000,                45555,                  165
18, f6c1b2ed, 093e4d12,                45726,                  171
18, 00000000, 00000000,                45890,                  164
05, 637eedc6, 9c811239,                46061,                  171
05, 00000000, 00000000,                46225,                  164
0b, 2f3a235e, d0c5dca1,                46395,                  170
0b, 00000000, 00000000,                46560,                  165
08, bf6fa27e, 40905d81,                46730,                  170
08, 00000000, 00000000,                46894,                  164
01, ec4aaad8, 13b55527,                47064,                  170
01, 00000000, 00000000,                47228,                  164
04, 707391e0, 8f8c6e1f,                47398,                  170
04, 00000000, 00000000,                47562,                  164
0d, 70e309e1, 8f1cf61e,                47732,                  170
0d, 00000000, 00000000,                47896,                  164
0e, bb9a1877, 4465e788,                48066,                  170
0e, 00000000, 00000000,                48230,                  164
12, f5916ceb, 0a6e9314,                48401,                  171
12, 00000000, 00000000,                48566,                  165
0a, 30293f60, cfd6c09f,                48736,                  170
0a, 00000000, 00000000,                48901,                  165
18, f6c1b2ed, 093e4d12,                49072,                  171
18, 00000000, 00000000,                49236,                  164
18, f6c1b2ed, 093e4d12,                49406,                  170
18, 00000000, 00000000,                49570,                  164
06, 9751e42e, 68ae1bd1,                49741,                  171
06, 00000000, 00000000,                49906,                  165
04, 707391e0, 8f8c6e1f,                50076,                  170
04, 00000000, 00000000,                50240,                  164
0e, bb9a1877, 4465e788,                50410,                  170
0e, 00000000, 00000000,                50575,                  165
0a, 2f43a15e, d0bc5ea1,                50745,                  170
0a, 00000000, 00000000,                50910,                  165
05, 82d5ba05, 7d2a45fa,                51080,                  170
05, 00000000, 00000000,                51244,                  164
1c, be5efa7c, 41a10583,                51415,                  171
1c, 00000000, 00000000,                51579,                  164
1e, 46b9eb8d, b9461472,                51749,                  170
1e, 00000000, 00000000,                51913,                  164
0f, 4baa0d97, b455f268,                52083,                  170
0f, 00000000, 00000000,                52248,                  165
10, bcb9f279, 43460d86,                52419,                  171
10, 00000000, 00000000,                52583,                  164
00, e38e68c7, 1c719738,                52754,                  171
00, 00000000, 00000000,                52918,                  164
16, 6bf689d7, 94097628,                53089,                  171
16, 00000000, 00000000,                53253,                  164
06, 9751e42e, 68ae1bd1,                53424,                  171
06, 00000000, 00000000,                53589,                  165
03, 01208d02, fedf72fd,                53759,                  170
03, 00000000, 00000000,                53924,                  165
1d, e6badecd, 19452132,                54095,                  171
1d, 00000000, 00000000,                54259,                  164
1e, 46b9eb8d, b9461472,                54429,                  170
1e, 00000000, 00000000,                54594,                  165
1c, 2795954f, d86a6ab0,                54764,                  170
1c, 00000000, 00000000,                54928,                  164
19, c59da08b, 3a625f74,                55098,                  170
19, 00000000, 00000000,                55262,                  164
1e, 46b9eb8d, b9461472,                55432,                  170
1e, 00000000, 00000000,                55596,                  164
05, 82d5ba05, 7d2a45fa,                55767,                  171
05, 00000000, 00000000,                55932,                  165
13, 93bb0627, 6c44f9d8,                56103,                  171
13, 00000000, 00000000,                56268,                  165
11, f9f5a2f3, 060a5d0c,                56438,                  170
11, 00000000, 00000000,                56602,                  164
16, 621e83c4, 9de17c3b,                56772,                  170
16, 00000000, 00000000,                56937,                  165
1e, 04203d08, fbdfc2f7,                57107,                  170
1e, 00000000, 00000000,                57272,                  165
15, 5187a7a3, ae78585c,                57442,                  170
15, 00000000, 00000000,                57606,                  164
00, 6fd5c5df, 902a3a20,                57777,                  171
00, 00000000, 00000000,                57941,                  164
14, c69ff68d, 39600972,                58112,                  171
14, 00000000, 00000000,                58276,                  164
0d, 91750a22, 6e8af5dd,                58446,                  170
0d, 00000000, 00000000,                58611,                  165
19, da4f66b4, 25b0994b,                58782,                  171
19, 00000000, 00000000,                58946,                  164
10, bcb9f279, 43460d86,                59116,                  170
10, 00000000, 00000000,                59280,                  164
1c, 2795954f, d86a6ab0,                59450,                  170
1c, 00000000, 00000000,                59614,                  164
0e, bb9a1877, 4465e788,                59785,                  171
0e, 00000000, 00000000,                59950,                  165
0a, 2f43a15e, d0bc5ea1,                60120,                  170
0a, 00000000, 00000000,                60285,                  165
12, f5916ceb, 0a6e9314,                60456,                  171
12, 00000000, 00000000,                60620,                  164
07, bdb6007b, 4249ff84,                60791,                  171
07, 00000000, 00000000,                60956,                  165
0d, 0fe2cb1f, f01d34e0,                61126,                  170
0d, 00000000, 00000000,                61290,                  164
19, da4f66b4, 25b0994b,                61461,                  171
19, 00000000, 00000000,                61625,                  164
0f, 421f2d84, bde0d27b,                61795,                  170
0f, 00000000, 00000000,                61960,                  165
15, ddee60bb, 22119f44,                62131,                  171
15, 00000000, 00000000,                62295,                  164
0a, bd84a87b, 427b5784,                62466,                  171
0a, 00000000, 00000000,                62631,                  165
00, c190f083, 3e6f0f7c,                62801,                  170
00, 00000000, 00000000,                62965,                  164
0b, a2b5b245, 5d4a4dba,                63135,                  170
0b, 00000000, 00000000,                63300,                  165
05, 2ce20159, d31dfea6,                63470,                  170
05, 00000000, 00000000,                63634,                  164
02, e6fa7ccd, 19058332,                63804,                  170
02, 00000000, 00000000,                63968,                  164
14, 5b7083b6, a48f7c49,                64139,                  171
14, 00000000, 00000000,                64303,                  164
18, d685eaad, 297a1552,                64473,                  170
18, 00000000, 00000000,                64637,                  164
06, bde6187b, 4219e784,                64808,                  171
06, 00000000, 00000000,                64973,                  165
0f, 421f2d84, bde0d27b,                65143,                  170
0f, 00000000, 00000000,                65308,                  165
13, 93bb0627, 6c44f9d8,                65479,                  171
13, 00000000, 00000000,                65644,                  165
15, ddee60bb, 22119f44,                65814,                  170
15, 00000000, 00000000,                65978,                  164
17, 230fff46, dcf000b9,                66148,                  170
17, 00000000, 00000000,                66313,                  165
0c, 69ddafd3, 9622502c,                66484,                  171
0c, 00000000, 00000000,                66648,                  164
1c, 2795954f, d86a6ab0,                66819,                  171
1c, 00000000, 00000000,                66983,                  164
16, 621e83c4, 9de17c3b,                67153,                  170
16, 00000000, 00000000,                67318,                  165
1f, 6358fbc6, 9ca70439,                67488,                  170
1f, 00000000, 00000000,                67653,                  165
07, 15a7eb2b, ea5814d4,                67824,                  171
07, 00000000, 00000000,                67989,                  165
10, b15fbe62, 4ea0419d,                68160,                  171
10, 00000000, 00000000,                68324,                  164
09, beefc67d, 41103982,                68495,                  171
09, 00000000, 00000000,                68659,                  164
00, 1346e526, ecb91ad9,                68829,                  170
00, 00000000, 00000000,                68993,                  164
13, 71fab3e3, 8e054c1c,                69164,                  171
13, 00000000, 00000000,                69329,                  165
0a, 8e4b9e1c, 71b461e3,                69500,                  171
0a, 00000000, 00000000,                69665,                  165
1d, 1b8e0737, e471f8c8,                69836,                  171
1d, 00000000, 00000000,                70001,                  165
06, bde6187b, 4219e784,                70172,                  171
06, 00000000, 00000000,                70337,                  165
0d, 0fe2cb1f, f01d34e0,                70507,                  170
0d, 00000000, 00000000,                70671,                  164
0f, 421f2d84, bde0d27b,                70841,                  170
0f, 00000000, 00000000,                71006,                  165
08, f76a06ee, 0895f911,                71176,                  170
08, 00000000, 00000000,                71340,                  164
19, 6a5657d4, 95a9a82b,                71511,                  171
19, 00000000, 00000000,                71675,                  164
1f, 6358fbc6, 9ca70439,                71845,                  170
1f, 00000000, 00000000,                72010,                  165
16, 621e83c4, 9de17c3b,                72180,                  170
16, 00000000, 00000000,                72345,                  165
06, 92747824, 6d8b87db,                72515,                  170
06, 00000000, 00000000,                72680,                  165
0f, 9d02b63a, 62fd49c5,                72850,                  170
0f, 00000000, 00000000,                73015,                  165
11, b7c61a6f, 4839e590,                73186,                  171
11, 00000000, 00000000,                73350,                  164
17, 4b065b96, b4f9a469,                73520,                  170
17, 00000000, 00000000,                73685,                  165
18, dadc9ab5, 2523654a,                73855,                  170
18, 00000000, 00000000,                74019,                  164
04, b222b264, 4ddd4d9b,                74189,                  170
04, 00000000, 00000000,                74353,                  164
17, a3874e47, 5c78b1b8,                74524,                  171
17, 00000000, 00000000,                74689,                  165
10, 3c871179, c378ee86,                74859,                  170
10, 00000000, 00000000,                75023,                  164
15, c412ac88, 3bed5377,                75193,                  170
15, 00000000, 00000000,                75357,                  164
16, 621e83c4, 9de17c3b,                75527,                  170
16, 00000000, 00000000,                75692,                  165
1e, 04203d08, fbdfc2f7,                75862,                  170
1e, 00000000, 00000000,                76027,                  165
1f, 6358fbc6, 9ca70439,                76197,                  170
1f, 00000000, 00000000,                76361,                  164
1a, 39625d72, c69da28d,                76531,                  170
1a, 00000000, 00000000,                76696,                  165
10, 3c871179, c378ee86,                76866,                  170
10, 00000000, 00000000,                77030,                  164
10, 3c871179, c378ee86,                77200,                  170
10, 00000000, 00000000,                77364,                  164
07, 95ea0a2b, 6a15f5d4,                77534,                  170
07, 00000000, 00000000,                77699,                  165
10, 3c871179, c378ee86,                77870,                  171
10, 00000000, 00000000,                78034,                  164
0a, 8e4b9e1c, 71b461e3,                78205,                  171
0a, 00000000, 00000000,                78370,                  165
00, 088dc111, f7723eee,                78540,                  170
00, 00000000, 00000000,                78704,                  164
08, 0d63a11a, f29c5ee5,                78874,                  170
08, 00000000, 00000000,                79038,                  164
09, cdd0829b, 322f7d64,                79208,                  170
09, 00000000, 00000000,                79372,                  164
17, 0f11511e, f0eeaee1,                79543,                  171
17, 00000000, 00000000,                79708,                  165
01, c8eaea91, 3715156e,                79879,                  171
01, 00000000, 00000000,                80043,                  164
08, 9560462a, 6a9fb9d5,                80213,                  170
08, 00000000, 00000000,                80377,                  164
0a, 879d8e0f, 786271f0,                80547,                  170
0a, 00000000, 00000000,                80712,                  165
11, f8603cf0, 079fc30f,                80883,                  171
11, 00000000, 00000000,                81048,                  165
03, 89d6a413, 76295bec,                81218,                  170
03, 00000000, 00000000,                81383,                  165
10, 3c871179, c378ee86,                81554,                  171
10, 00000000, 00000000,                81718,                  164
10, 3c871179, c378ee86,                81888,                  170
10, 00000000, 00000000,                82052,                  164
06, 92747824, 6d8b87db,                82222,                  170
06, 00000000, 00000000,                82387,                  165
0c, 69ddafd3, 9622502c,                82557,                  170
0c, 00000000, 00000000,                82721,                  164
0e, 41644382, be9bbc7d,                82891,                  170
0e, 00000000, 00000000,                83056,                  165
06, 92747824, 6d8b87db,                83226,                  170
06, 00000000, 00000000,                83391,                  165
0e, 41644382, be9bbc7d,                83561,                  170
0e, 00000000, 00000000,                83726,                  165
04, ce83f89d, 317c0762,                83896,                  170
04, 00000000, 00000000,                84060,                  164
1d, eaec22d5, 1513dd2a,                84231,                  171
1d, 00000000, 00000000,                84395,                  164
05, d311a0a6, 2cee5f59,                84565,                  170
05, 00000000, 00000000,                84730,                  165
09, 89219412, 76de6bed,                84900,                  170
09, 00000000, 00000000,                85065,                  165
0f, 5f5133be, a0aecc41,                85235,                  170
0f, 00000000, 00000000,                85400,                  165
0d, 1258e324, eda71cdb,                85570,                  170
0d, 00000000, 00000000,                85734,                  164
06, c7ec608f, 38139f70,                85904,                  170
06, 00000000, 00000000,                86069,                  165
1d, 2eb7df5d, d14820a2,                86240,                  171
1d, 00000000, 00000000,                86404,                  164
04, ce83f89d, 317c0762,                86575,                  171
04, 00000000, 00000000,                86739,                  164
07, 95ea0a2b, 6a15f5d4,                86909,                  170
07, 00000000, 00000000,                87074,                  165
03, 89d6a413, 76295bec,                87244,                  170
03, 00000000, 00000000,                87409,                  165
06, c7ec608f, 38139f70,                87579,                  170
06, 00000000, 00000000,                87744,                  165
04, ce83f89d, 317c0762,                87914,                  170
04, 00000000, 00000000,                88078,                  164
0c, 69ddafd3, 9622502c,                88248,                  170
0c, 00000000, 00000000,                88412,                  164
11, 62edf7c5, 9d12083a,                88583,                  171
11, 00000000, 00000000,                88747,                  164
06, c7ec608f, 38139f70,                88918,                  171
06, 00000000, 00000000,                89083,                  165
13, a35d9046, 5ca26fb9,                89254,                  171
13, 00000000, 00000000,                89419,                  165
15, 85b0400b, 7a4fbff4,                89589,                  170
15, 00000000, 00000000,                89753,                  164
19, f9930ef3, 066cf10c,                89923,                  170
19, 00000000, 00000000,                90087,                  164
15, fe8d6cfd, 01729302,                90257,                  170
15, 00000000, 00000000,                90421,                  164
0e, fd0406fa, 02fbf905,                90592,                  171
0e, 00000000, 00000000,                90757,                  165
18, fec0d6fd, 013f2902,                90928,                  171
18, 00000000, 00000000,                91092,                  164
0d, 7b804df7, 847fb208,                91263,                  171
0d, 00000000, 00000000,                91427,                  164
08, 284b7150, d7b48eaf,                91597,                  170
08, 00000000, 00000000,                91761,                  164
04, ce83f89d, 317c0762,                91931,                  170
04, 00000000, 00000000,                92095,                  164
1a, 39625d72, c69da28d,                92266,                  171
1a, 00000000, 00000000,                92431,                  165
0f, 5f5133be, a0aecc41,                92602,                  171
0f, 00000000, 00000000,                92767,                  165
16, 621e83c4, 9de17c3b,                92938,                  171
16, 00000000, 00000000,                93103,                  165
0f, 5f5133be, a0aecc41,                93274,                  171
0f, 00000000, 00000000,                93439,                  165
0f, 5f5133be, a0aecc41,                93609,                  170
0f, 00000000, 00000000,                93774,                  165
12, 7680e3ed, 897f1c12,                93945,                  171
12, 00000000, 00000000,                94110,                  165
0a, 879d8e0f, 786271f0,                94281,                  171
0a, 00000000, 00000000,                94446,                  165
0b, 61363fc2, 9ec9c03d,                94616,                  170
0b, 00000000, 00000000,                94781,                  165
1c, 4aa75995, b558a66a,                94952,                  171
1c, 00000000, 00000000,                95116,                  164
1e, 23bcf747, dc4308b8,                95286,                  170
1e, 00000000, 00000000,                95450,                  164
06, 0286f905, fd7906fa,                95620,                  170
06, 00000000, 00000000,                95785,                  165
13, 7c059bf8, 83fa6407,                95956,                  171
13, 00000000, 00000000,                96121,                  165
17, 55258baa, aada7455,                96291,                  170
17, 00000000, 00000000,                96456,                  165
03, dd2a0eba, 22d5f145,                96627,                  171
03, 00000000, 00000000,                96792,                  165
06, 536c1fa6, ac93e059,                96962,                  170
06, 00000000, 00000000,                97127,                  165
05, 5ffa59bf, a005a640,                97297,                  170
05, 00000000, 00000000,                97461,                  164
06, 536c1fa6, ac93e059,                97631,                  170
06, 00000000, 00000000,                97796,                  165
0f, 5f5133be, a0aecc41,                97966,                  170
0f, 00000000, 00000000,                98131,                  165
07, 95ea0a2b, 6a15f5d4,                98301,                  170
07, 00000000, 00000000,                98466,                  165
12, 7680e3ed, 897f1c12,                98637,                  171
12, 00000000, 00000000,                98802,                  165
03, dd2a0eba, 22d5f145,                98973,                  171
03, 00000000, 00000000,                99138,                  165
1b, 59df6fb3, a620904c,                99309,                  171
1b, 00000000, 00000000,                99474,                  165
1a, 37c70b6f, c838f490,                99644,                  170
1a, 00000000, 00000000,                99809,                  165
13, 60c671c1, 9f398e3e,                99979,                  170
13, 00000000, 00000000,               100144,                  165
04, 5387d3a7, ac782c58,               100315,                  171
04, 00000000, 00000000,               100479,                  164
06, d1c9bca3, 2e36435c,               100649,                  170
06, 00000000, 00000000,               100814,                  165
18, 32e2af65, cd1d509a,               100985,                  171
18, 00000000, 00000000,               101149,                  164
0a, 1d0f993a, e2f066c5,               101319,                  170
0a, 00000000, 00000000,               101484,                  165
03, f2edfce5, 0d12031a,               101654,                  170
03, 00000000, 00000000,               101818,                  164
0c, a6cb164d, 5934e9b2,               101988,                  170
0c, 00000000, 00000000,               102152,                  164
03, 0b0ff116, f4f00ee9,               102322,                  170
03, 00000000, 00000000,               102487,                  165
16, 621e83c4, 9de17c3b,               102658,                  171
16, 00000000, 00000000,               102823,                  165
04, 5387d3a7, ac782c58,               102993,                  170
04, 00000000, 00000000,               103157,                  164
17, 55258baa, aada7455,               103328,                  171
17, 00000000, 00000000,               103493,                  165
10, aa79e054, 55861fab,               103663,                  170
10, 00000000, 00000000,               103827,                  164
04, 5387d3a7, ac782c58,               103998,                  171
04, 00000000, 00000000,               104162,                  164
02, e6fa7ccd, 19058332,               104332,                  170
02, 00000000, 00000000,               104496,                  164
1b, aa227254, 55dd8dab,               104667,                  171
1b, 00000000, 00000000,               104832,                  165
09, 86d3fc0d, 792c03f2,               105003,                  171
09, 00000000, 00000000,               105167,                  164
06, d1c9bca3, 2e36435c,               105337,                  170
06, 00000000, 00000000,               105502,                  165
16, 0db4511b, f24baee4,               105673,                  171
16, 00000000, 00000000,               105838,                  165
00, 2a801355, d57fecaa,               106008,                  170
00, 00000000, 00000000,               106172,                  164
0c, 68a677d1, 9759882e,               106342,                  170
0c, 00000000, 00000000,               106506,                  164
1b, 473f3d8e, b8c0c271,               106677,                  171
1b, 00000000, 00000000,               106842,                  165
1c, a1abde43, 5e5421bc,               107012,                  170
1c, 00000000, 00000000,               107176,                  164
01, f413a8e8, 0bec5717,               107346,                  170
01, 00000000, 00000000,               107510,                  164
15, 8a04de14, 75fb21eb,               107681,                  171
15, 00000000, 00000000,               107845,                  164
0f, 3b02d176, c4fd2e89,               108015,                  170
0f, 00000000, 00000000,               108180,                  165
09, 86d3fc0d, 792c03f2,               108350,                  170
09, 00000000, 00000000,               108514,                  164
05, f36872e6, 0c978d19,               108684,                  170
05, 00000000, 00000000,               108848,                  164
08, 295ed752, d6a128ad,               109018,                  170
08, 00000000, 00000000,               109182,                  164
0e, fd0406fa, 02fbf905,               109352,                  170
0e, 00000000, 00000000,               109516,                  164
1a, 3ebb337d, c144cc82,               109687,                  171
1a, 00000000, 00000000,               109852,                  165
07, 95ea0a2b, 6a15f5d4,               110023,                  171
07, 00000000, 00000000,               110188,                  165
15, 8a04de14, 75fb21eb,               110359,                  171
15, 00000000, 00000000,               110523,                  164
08, 295ed752, d6a128ad,               110693,                  170
08, 00000000, 00000000,               110857,                  164
01, f413a8e8, 0bec5717,               111027,                  170
01, 00000000, 00000000,               111191,                  164
1e, 01522302, feaddcfd,               111361,                  170
1e, 00000000, 00000000,               111526,                  165
14, 0bc5cb17, f43a34e8,               111696,                  170
14, 00000000, 00000000,               111860,                  164
06, a7f6764f, 580989b0,               112031,                  171
06, 00000000, 00000000,               112196,                  165
08, f6e9b2ed, 09164d12,               112366,                  170
08, 00000000, 00000000,               112530,                  164
1e, 1d45ff3a, e2ba00c5,               112701,                  171
1e, 00000000, 00000000,               112866,                  165
13, e4f0f2c9, 1b0f0d36,               113036,                  170
13, 00000000, 00000000,               113200,                  164
0b, 82225404, 7dddabfb,               113370,                  170
0b, 00000000, 00000000,               113535,                  165
0f, f43440e8, 0bcbbf17,               113705,                  170
0f, 00000000, 00000000,               113870,                  165
0b, 82225404, 7dddabfb,               114040,                  170
0b, 00000000, 00000000,               114205,                  165
14, 2c999159, d3666ea6,               114376,                  171
14, 00000000, 00000000,               114540,                  164
0b, 1a53ef34, e5ac10cb,               114711,                  171
0b, 00000000, 00000000,               114876,                  165
1e, 1d45ff3a, e2ba00c5,               115047,                  171
1e, 00000000, 00000000,               115212,                  165
06, a7f6764f, 580989b0,               115383,                  171
06, 00000000, 00000000,               115548,                  165
1f, 6358fbc6, 9ca70439,               115719,                  171
1f, 00000000, 00000000,               115884,                  165
03, 0b0ff116, f4f00ee9,               116054,                  170
03, 00000000, 00000000,               116219,                  165
07, 95ea0a2b, 6a15f5d4,               116389,                  170
07, 00000000, 00000000,               116554,                  165
11, 789d71f1, 87628e0e,               116725,                  171
11, 00000000, 00000000,               116889,                  164
10, 9192dc23, 6e6d23dc,               117059,                  170
10, 00000000, 00000000,               117223,                  164
00, 97ba0a2f, 6845f5d0,               117393,                  170
00, 00000000, 00000000,               117557,                  164
18, de7df0bc, 21820f43,               117728,                  171
18, 00000000, 00000000,               117892,                  164
13, 2f46655e, d0b99aa1,               118062,                  170
13, 00000000, 00000000,               118227,                  165
1f, b3a77067, 4c588f98,               118397,                  170
1f, 00000000, 00000000,               118562,                  165
1a, 3c416d78, c3be9287,               118732,                  170
1a, 00000000, 00000000,               118897,                  165
10, e9662ed2, 1699d12d,               119067,                  170
10, 00000000, 00000000,               119231,                  164
13, 2f46655e, d0b99aa1,               119401,                  170
13, 00000000, 00000000,               119566,                  165
0a, 75b849eb, 8a47b614,               119737,                  171
0a, 00000000, 00000000,               119902,                  165
0b, 1a53ef34, e5ac10cb,               120072,                  170
0b, 00000000, 00000000,               120237,                  165
1f, b3a77067, 4c588f98,               120408,                  171
1f, 00000000, 00000000,               120573,                  165
1c, 5c9bcdb9, a3643246,               120743,                  170
1c, 00000000, 00000000,               120909,                  166
03, f672eaec, 098d1513,               121080,                  171
03, 00000000, 00000000,               121245,                  165
18, de7df0bc, 21820f43,               121416,                  171
18, 00000000, 00000000,               121580,                  164
1c, 096a2112, f695deed,               121750,                  170
1c, 00000000, 00000000,               121914,                  164
07, 4387ef87, bc781078,               122084,                  170
07, 00000000, 00000000,               122249,                  165
09, eeacb2dd, 11534d22,               122419,                  170
09, 00000000, 00000000,               122583,                  164
02, 1c14b338, e3eb4cc7,               122753,                  170
02, 00000000, 00000000,               122918,                  165
07, 98ab2831, 6754d7ce,               123088,                  170
07, 00000000, 00000000,               123253,                  165
1b, 6d805bdb, 927fa424,               123424,                  171
1b, 00000000, 00000000,               123589,                  165
15, 7b9aebf7, 84651408,               123759,                  170
15, 00000000, 00000000,               123923,                  164
1a, a52ce24a, 5ad31db5,               124093,                  170
1a, 00000000, 00000000,               124258,                  165
02, e3d5ecc7, 1c2a1338,               124429,                  171
02, 00000000, 00000000,               124594,                  165
10, 53fa5fa7, ac05a058,               124765,                  171
10, 00000000, 00000000,               124929,                  164
15, 7b9aebf7, 84651408,               125099,                  170
15, 00000000, 00000000,               125263,                  164
0b, 1a53ef34, e5ac10cb,               125433,                  170
0b, 00000000, 00000000,               125598,                  165
17, 4d2eb59a, b2d14a65,               125769,                  171
17, 00000000, 00000000,               125934,                  165
08, 520cbfa4, adf3405b,               126104,                  170
08, 00000000, 00000000,               126268,                  164
0a, cd3c209a, 32c3df65,               126438,                  170
0a, 00000000, 00000000,               126603,                  165
1c, 096a2112, f695deed,               126774,                  171
1c, 00000000, 00000000,               126938,                  164
0a, cd3c209a, 32c3df65,               127109,                  171
0a, 00000000, 00000000,               127274,                  165
04, 2e77655c, d1889aa3,               127444,                  170
04, 00000000, 00000000,               127608,                  164
10, d87244b0, 278dbb4f,               127779,                  171
10, 00000000, 00000000,               127943,                  164
1d, 73c73be7, 8c38c418,               128113,                  170
1d, 00000000, 00000000,               128277,                  164
01, 5c9517b9, a36ae846,               128448,                  171
01, 00000000, 00000000,               128612,                  164
15, 5368b7a6, ac974859,               128783,                  171
15, 00000000, 00000000,               128948,                  165
0b, e87468d0, 178b972f,               129119,                  171
0b, 00000000, 00000000,               129284,                  165
13, 10e21521, ef1deade,               129455,                  171
13, 00000000, 00000000,               129620,                  165
09, ebba4ed7, 1445b128,               129791,                  171
09, 00000000, 00000000,               129955,                  164
15, d3a886a7, 2c577958,               130126,                  171
15, 00000000, 00000000,               130290,                  164
01, 5c9517b9, a36ae846,               130460,                  170
01, 00000000, 00000000,               130624,                  164
10, d87244b0, 278dbb4f,               130795,                  171
10, 00000000, 00000000,               130959,                  164
1f, b3a77067, 4c588f98,               131129,                  170
1f, 00000000, 00000000,               131293,                  164
00, 3e4fbb7c, c1b04483,               131464,                  171
00, 00000000, 00000000,               131628,                  164
08, 520cbfa4, adf3405b,               131798,                  170
08, 00000000, 00000000,               131962,                  164
0a, cd3c209a, 32c3df65,               132132,                  170
0a, 00000000, 00000000,               132297,                  165
19, bd1c427a, 42e3bd85,               132468,                  171
